Country,1951,1952,1953,1954,1955,1956,1957,1958,1959,1960,1961,1962,1963,1964,1965,1966,1967,1968,1969,1970,1971,1972,1973,1974,1975,1976,1977,1978,1979,1980,1981,1982,1983,1984,1985,1986,1987,1988,1989,1990,1991,1992,1993,1994,1995,1996,1997,1998,1999,2000,2001,2002,2003,2004,2005,2006,2007,2008,2009,2010,2011,2012,2013,2014,2015,2016,2017,2018
Austria,1028.0,1058.0,1283.0,1653.0,1823.0,2078.0,2509.0,2393.0,2512.0,3163.0,3101.0,2970.0,2949.0,3194.0,3221.0,3193.0,3023.0,3467.0,3926.0,4079.0,3960.0,4069.0,4238.0,4238.0,0.0,4476.0,,4335.0,4917.0,4623.0,4656.0,4258.0,4411.0,4870.0,4661.0,4292.0,4301.0,4560.0,4718.0,4291.0,4187.0,3953.0,4149.0,4399.0,4990.0,4442.0,5181.0,5282.0,5202.0,5707.0,5869.0,6189.0,6261.0,6530.0,7031.0,7129.0,7578.0,7594.0,5662.0,7206.0,7474.0,7421.0,7953.0,7876.0,7687.0,7438.0,8135.0,6885.0
Belgium,5054.0,5067.0,4497.0,4973.0,5852.0,6379.0,6275.0,6013.0,6437.0,7188.0,7010.0,7362.0,7529.0,8731.0,9169.0,8917.0,9716.0,11572.0,12837.0,12609.0,12445.0,14532.0,15522.0,15522.0,11659.0,12233.0,11346.0,12692.0,13535.0,12422.0,12377.0,9992.0,10154.0,11300.0,10683.0,9713.0,9783.0,11235.0,10974.0,11453.0,11348.0,10331.0,10172.0,11331.0,11606.0,10818.0,10739.0,11425.0,10931.0,11636.0,10762.0,11343.0,11114.0,11698.0,10420.0,11631.0,10692.0,10673.0,5635.0,7973.0,8026.0,7301.0,7127.0,7331.0,7257.0,7687.0,7842.0,7980.0
Bulgaria,0.0,0.0,13.0,62.0,74.0,130.0,159.0,211.0,230.0,253.0,340.0,423.0,461.0,475.0,588.0,699.0,1239.0,1461.0,1515.0,1800.0,,2121.0,2246.0,2188.0,2265.0,2460.0,2589.0,,2482.0,2567.0,2483.0,2586.0,2825.0,2878.0,2944.0,2898.0,3045.0,2880.0,2899.0,2180.0,1615.0,1552.0,1941.0,2491.0,2724.0,2457.0,2628.0,2242.0,1889.0,2022.0,1972.0,1860.0,2317.0,2106.0,1969.0,2123.0,1909.0,1330.0,726.0,737.0,835.0,633.0,523.0,612.0,543.0,527.0,652.0,666.0
Croatia,,,,,,,,,,,,,,,,,,,,,,,,,,,,,,,,,,0.0,0.0,0.0,0.0,0.0,0.0,0.0,0.0,102.0,74.0,63.0,45.0,46.0,69.0,101.0,74.0,71.0,58.0,34.0,41.0,86.0,73.0,81.0,75.0,89.0,43.0,95.0,96.0,1.0,135.0,167.0,122.0,0.0,0.0,136.0
Czech Republic,,,,,,,,,,,,,,,,,,,,,,,,,,,,,,,,,,,0.0,0.0,0.0,0.0,0.0,0.0,0.0,7286.0,6769.0,7085.0,7184.0,6509.0,6750.0,6498.0,5616.0,6216.0,6316.0,6512.0,6783.0,7033.0,6189.0,6862.0,7059.0,6387.0,4594.0,5180.0,5583.0,5072.0,5171.0,5360.0,5262.0,5305.0,4550.0,4938.0
Germany,,,,,,,,,,,,,,,,,,,,,,,,,,,,,,,,,,,,,,,,,,,,,,39793.0,45007.0,44046.0,42062.0,46376.0,44803.0,45015.0,44809.0,46374.0,44524.0,47224.0,48550.0,45833.0,32670.0,43830.0,44284.0,42661.0,42645.0,42943.0,42676.0,42080.0,43297.0,42435.0
Finland,127.0,147.0,147.0,175.0,177.0,194.0,209.0,186.0,232.0,254.0,277.0,331.0,326.0,326.0,371.0,363.0,411.0,,967.0,1167.0,1025.0,1456.0,1615.0,1656.0,1414.0,1649.0,2196.0,,2464.0,2508.0,2428.0,2414.0,2416.0,2639.0,2518.0,2586.0,2669.0,2798.0,2921.0,2860.0,2890.0,3077.0,3256.0,3420.0,3176.0,3301.0,3734.0,3952.0,3956.0,4096.0,3938.0,4003.0,4766.0,4832.0,4739.0,5054.0,4431.0,4417.0,3066.0,4029.0,3989.0,3759.0,3517.0,3807.0,3988.0,4101.0,4003.0,4146.0
France,9835.0,10867.0,9997.0,10627.0,12592.0,13398.0,14096.0,14616.0,15218.0,17281.0,17570.0,17240.0,17557.0,19780.0,19604.0,19585.0,19655.0,20410.0,22511.0,23773.0,22843.0,24054.0,25270.0,27021.0,21531.0,23227.0,22094.0,22841.0,23360.0,23176.0,21258.0,18402.0,17582.0,19000.0,18808.0,17865.0,17693.0,19121.0,19335.0,19016.0,18434.0,17972.0,17106.0,18031.0,18100.0,17633.0,19767.0,20126.0,20200.0,20954.0,19343.0,20258.0,19758.0,20770.0,19481.0,19852.0,19250.0,17879.0,12840.0,15414.0,15780.0,15609.0,15685.0,16143.0,14984.0,14413.0,15505.0,15387.0
Greece,,,,,,,75.0,113.0,90.0,41.0,65.0,65.0,4.0,0.0,6.0,210.0,160.0,218.0,450.0,435.0,475.0,675.0,675.0,687.0,24.0,614.0,573.0,670.0,813.0,870.0,909.0,933.0,866.0,936.0,985.0,1009.0,907.0,959.0,956.0,999.0,9380.0,924.0,980.0,848.0,939.0,848.0,1016.0,1109.0,951.0,1088.0,1281.0,1835.0,1701.0,1967.0,2266.0,2416.0,2554.0,2477.0,2000.0,1821.0,1934.0,1247.0,1030.0,1022.0,910.0,1158.0,1359.0,1467.0
Hungary,1290.0,1459.0,1543.0,1491.0,1629.0,1415.0,1375.0,1627.0,1759.0,1887.0,2053.0,2333.0,2374.0,2364.0,2520.0,2648.0,2739.0,2902.0,3033.0,3108.0,3110.0,3273.0,3332.0,3232.0,0.0,3652.0,3723.0,3877.0,3907.0,3767.0,3645.0,3702.0,3617.0,3770.0,3647.0,3715.0,3622.0,3582.0,3315.0,2963.0,1931.0,1541.0,1753.0,1938.0,1861.0,1872.0,1690.0,1816.0,1813.0,1871.0,1956.0,2053.0,1989.0,1952.0,1958.0,2084.0,2227.0,2097.0,1403.0,1678.0,1746.0,1542.0,883.0,1152.0,1675.0,1274.0,1901.0,1989.0
Italy,3063.0,3535.0,3500.0,4207.0,5395.0,5907.0,6787.0,6271.0,6762.0,8229.0,9124.0,9757.0,10156.0,9793.0,12681.0,13639.0,15890.0,16963.0,16428.0,17277.0,17452.0,19613.0,20995.0,23804.0,21865.0,23455.0,23335.0,24283.0,24250.0,26501.0,24777.0,24009.0,21811.0,24061.0,23898.0,22882.0,22859.0,23760.0,25213.0,25467.0,25112.0,24835.0,25721.0,26151.0,27766.0,23910.0,25842.0,25714.0,24878.0,26759.0,26545.0,26066.0,27058.0,28604.0,29350.0,31624.0,31553.0,30590.0,19848.0,25750.0,28735.0,27252.0,24093.0,23714.0,22018.0,23373.0,24068.0,24532.0
Latvia,,,,,,,,,,,,,,,,,,,,,,,,,,,,,,,,,,0.0,0.0,0.0,0.0,0.0,0.0,0.0,0.0,246.0,300.0,332.0,279.0,293.0,465.0,472.0,482.0,498.0,515.0,520.0,520.0,662.0,0.0,0.0,0.0,0.0,0.0,0.0,0.0,0.0,0.0,692.0,655.0,568.0,805.0,198.0
Luxembourg,3077.0,3002.0,2659.0,2828.0,3225.0,3456.0,3493.0,3379.0,3663.0,4084.0,4113.0,4010.0,4032.0,4558.0,4585.0,4390.0,4481.0,4834.0,5521.0,5462.0,,241.0,5924.0,4624.0,0.0,4565.0,,4790.0,4949.0,4618.0,3790.0,3510.0,3294.0,3987.0,3945.0,3706.0,3302.0,3661.0,3721.0,3560.0,3379.0,3068.0,3293.0,3073.0,2613.0,2502.0,2580.0,2477.0,2600.0,2571.0,2725.0,2719.0,2675.0,2684.0,2194.0,2802.0,2858.0,2582.0,2141.0,2548.0,2521.0,2208.0,2090.0,2193.0,2127.0,2175.0,2172.0,2228.0
Netherlands,554.0,685.0,867.0,934.0,980.0,1050.0,1185.0,1438.0,1670.0,1942.0,1971.0,2087.0,2342.0,2647.0,3138.0,3256.0,3402.0,3707.0,4721.0,5042.0,,83.0,5623.0,5837.0,0.0,4817.0,,5590.0,5805.0,5272.0,5472.0,4353.0,4484.0,6739.0,5521.0,5283.0,5082.0,5518.0,5681.0,5412.0,5471.0,5439.0,6000.0,6171.0,6409.0,6326.0,6641.0,6377.0,6075.0,5666.0,6037.0,6117.0,6571.0,6848.0,6919.0,6372.0,7368.0,6853.0,5194.0,6651.0,6937.0,6879.0,6713.0,6964.0,6995.0,6917.0,6781.0,6813.0
Poland,2787.0,3179.0,3604.0,3949.0,4426.0,5014.0,5304.0,5663.0,6160.0,6681.0,7234.0,7684.0,8004.0,8573.0,9088.0,9850.0,10862.0,11008.0,11251.0,11750.0,,13424.0,14057.0,6.0,4.0,15640.0,17841.0,19251.0,19218.0,19485.0,15719.0,14794.0,16236.0,16533.0,16126.0,17144.0,17145.0,16873.0,15094.0,13633.0,10403.0,9867.0,9939.0,11113.0,11890.0,10432.0,11585.0,9915.0,8848.0,10498.0,8809.0,8368.0,9107.0,10593.0,8336.0,10008.0,10632.0,9728.0,7128.0,7993.0,8779.0,8366.0,7950.0,8558.0,9198.0,9001.0,10332.0,10167.0
Portugal,,,,0.0,0.0,0.0,0.0,0.0,0.0,0.0,68.0,175.0,213.0,250.0,273.0,271.0,316.0,313.0,399.0,385.0,412.0,12.0,4.0,387.0,0.0,461.0,531.0,531.0,650.0,663.0,555.0,502.0,674.0,690.0,665.0,714.0,732.0,811.0,762.0,746.0,573.0,769.0,775.0,749.0,828.0,857.0,905.0,936.0,1044.0,1088.0,728.0,920.0,1000.0,1445.0,1408.0,1719.0,1853.0,2017.0,1614.0,1543.0,1942.0,1960.0,2050.0,2070.0,2030.0,2010.0,2076.0,2215.0
Romania,644.0,698.0,717.0,628.0,766.0,779.0,864.0,934.0,1420.0,1806.0,2126.0,2451.0,2705.0,3038.0,3427.0,3670.0,4088.0,4751.0,5541.0,6517.0,,6803.0,8161.0,0.0,0.0,10970.0,11457.0,11779.0,12909.0,13175.0,13025.0,13055.0,12593.0,14437.0,13795.0,14276.0,13885.0,14314.0,14415.0,9761.0,7110.0,5376.0,5446.0,5800.0,6555.0,6082.0,6674.0,6393.0,4354.0,4672.0,4935.0,5491.0,5691.0,6042.0,6280.0,6266.0,6261.0,5035.0,2761.0,3721.0,3828.0,3292.0,2985.0,3158.0,3352.0,3276.0,3361.0,3550.0
Slovak Republic,,,,,,,,,,,,,,,,,,,,,,,,,,,,,,,,,,,0.0,0.0,0.0,0.0,0.0,0.0,0.0,3798.0,3922.0,3948.0,3975.0,3602.0,3835.0,3428.0,3569.0,3733.0,3989.0,4275.0,4588.0,4454.0,4485.0,5093.0,5089.0,4489.0,3747.0,4583.0,4236.0,4403.0,4511.0,4705.0,4562.0,4808.0,4974.0,5225.0
Slovenia,,,,,,,,,,,,,,,,,,,,,,,,,,,,,,,,,,0.0,0.0,0.0,0.0,0.0,0.0,0.0,0.0,401.0,355.0,424.0,394.0,314.0,373.0,405.0,405.0,519.0,462.0,481.0,541.0,566.0,583.0,628.0,638.0,642.0,430.0,606.0,648.0,632.0,618.0,615.0,604.0,613.0,648.0,654.0
Spain,818.0,904.0,897.0,1102.0,1216.0,1245.0,1346.0,1560.0,1823.0,1919.0,2340.0,2311.0,2492.0,3150.0,3516.0,3847.0,4512.0,4977.0,5981.0,7394.0,,9526.0,10800.0,11502.0,11102.0,10982.0,11169.0,11339.0,12248.0,12643.0,12896.0,13178.0,13497.0,13497.0,14032.0,11882.0,11691.0,11886.0,12765.0,12936.0,12798.0,12272.0,12961.0,13445.0,13802.0,12154.0,13683.0,14827.0,14882.0,15874.0,16504.0,16408.0,16286.0,17621.0,17826.0,18391.0,18999.0,18640.0,14358.0,16343.0,15504.0,13639.0,14252.0,14249.0,14845.0,13616.0,14441.0,14320.0
Sweden,1525.0,1688.0,1782.0,1861.0,2150.0,2425.0,2510.0,2413.0,2862.0,3218.0,3562.0,3611.0,3892.0,475.0,4719.0,4757.0,4760.0,5069.0,5377.0,5494.0,,257.0,257.0,5988.0,5983.0,1393.0,4325.0,,4733.0,4237.0,3770.0,3900.0,4210.0,4705.0,4813.0,4716.0,4595.0,4779.0,4692.0,4455.0,4252.0,4358.0,4591.0,4967.0,4953.0,4910.0,5148.0,5153.0,5066.0,5227.0,5518.0,5754.0,5707.0,5978.0,5723.0,5466.0,5673.0,5198.0,2804.0,4846.0,4867.0,4326.0,4404.0,4539.0,4557.0,4817.0,4926.0,4654.0
United Kingdom,15889.0,916681.0,17891.0,18817.0,20108.0,20990.0,22047.0,19880.0,20510.0,24695.0,22440.0,20820.0,22882.0,26651.0,27440.0,24706.0,24279.0,26277.0,26846.0,28316.0,,25431.0,25431.0,22323.0,20099.0,22274.0,20411.0,20341.0,21464.0,11277.0,15573.0,13704.0,14986.0,15121.0,15722.0,14725.0,17414.0,18950.0,18740.0,17841.0,16474.0,16212.0,16625.0,17286.0,17604.0,17992.0,18501.0,17315.0,16298.0,15155.0,13543.0,11667.0,13268.0,13766.0,13239.0,13871.0,14317.0,13521.0,10074.0,9708.0,9478.0,9579.0,11858.0,12033.0,10907.0,7635.0,7491.0,7268.0
Albania,,,,,,,,,,,,,,,,,,,,,,,,,,,,,,,,60.0,70.0,70.0,233.0,209.0,137.0,210.0,205.0,143.0,28.0,20.0,19.0,19.0,0.0,23.0,3.0,22.0,16.0,5.0,80.0,140.0,140.0,143.0,180.0,206.0,263.0,0.0,0.0,0.0,221.0,390.0,464.0,500.0,550.0,560.0,150.0,50.0
Bosnia And Herzegovina,,,,,,,,,,,,,,,,,,,,,,,,,,,,,,,,,,0.0,,0.0,0.0,0.0,0.0,0.0,0.0,0.0,0.0,0.0,0.0,52.0,82.0,85.0,60.0,77.0,84.0,74.0,95.0,75.0,289.0,490.0,533.0,608.0,519.0,592.0,649.0,700.0,722.0,793.0,819.0,806.0,756.0,695.0
Macedonia,,,,,,,,,,,,,,,,,,,,,,,,,,,,,,,,,,0.0,0.0,0.0,0.0,0.0,0.0,0.0,0.0,171.0,137.0,67.0,33.0,2.0,19.0,45.0,45.0,161.0,260.0,260.0,291.0,309.0,310.0,354.0,359.0,253.0,270.0,292.0,386.0,217.0,100.0,188.0,121.0,169.0,273.0,266.0
Montenegro,,,,,,,,,,,,,,,,,,,,,,,,,,,,,,,,,,,,,,,,,,,,,,,,0.0,0.0,0.0,0.0,0.0,0.0,0.0,0.0,0.0,174.0,170.0,130.0,130.0,140.0,120.0,70.0,140.0,150.0,120.0,120.0,120.0
Norway,74.0,88.0,111.0,121.0,171.0,290.0,350.0,371.0,426.0,490.0,499.0,488.0,542.0,614.0,676.0,730.0,795.0,812.0,849.0,869.0,883.0,0.0,916.0,0.0,0.0,886.0,704.0,197.0,891.0,862.0,848.0,768.0,876.0,916.0,930.0,836.0,837.0,869.0,678.0,383.0,438.0,446.0,505.0,456.0,505.0,511.0,585.0,637.0,610.0,679.0,640.0,698.0,703.0,725.0,705.0,684.0,708.0,560.0,595.0,530.0,610.0,700.0,605.0,600.0,590.0,620.0,603.0,575.0
Serbia,,,,,,,,,,,,,,,,,,,,,,,,,,,,,,,,,,,,,,,,,,,,,,,,0.0,0.0,0.0,0.0,0.0,0.0,0.0,0.0,0.0,1478.0,1662.0,1061.0,1254.0,1324.0,346.0,396.0,583.0,955.0,1173.0,1477.0,1973.0
Switzerland,144.0,156.0,157.0,150.0,166.0,171.0,234.0,244.0,250.0,275.0,157.0,318.0,322.0,345.0,347.0,347.0,445.0,453.0,500.0,524.0,532.0,32.0,584.0,92.0,0.0,345.0,656.0,784.0,886.0,929.0,934.0,835.0,835.0,978.0,987.0,1075.0,866.0,988.0,1064.0,1105.0,1171.0,1238.0,1254.0,1098.0,739.0,700.0,789.0,800.0,800.0,1000.0,1000.0,1000.0,1000.0,1000.0,1158.0,1252.0,1264.0,1312.0,934.0,1320.0,1400.0,1450.0,1530.0,1475.0,1475.0,1500.0,1450.0,1500.0
Turkey,135.0,153.0,163.0,169.0,188.0,193.0,176.0,160.0,214.0,266.0,282.0,242.0,331.0,405.0,581.0,842.0,996.0,1109.0,1170.0,1312.0,,1557.0,1354.0,1590.0,1703.0,1972.0,1902.0,,2396.0,2536.0,2425.0,3183.0,3834.0,4330.0,4832.0,5891.0,6981.0,7983.0,7848.0,9443.0,9398.0,10343.0,11519.0,12624.0,13183.0,13624.0,14475.0,14144.0,14313.0,14325.0,14981.0,16467.0,18298.0,20478.0,20965.0,23315.0,25754.0,26806.0,25304.0,29143.0,34107.0,35885.0,34654.0,34035.0,31517.0,33163.0,37524.0,37312.0
Azerbaijan,,,,,,,,,,,,,,,,,,,,,,,,,,,,,,,,,,,0.0,0.0,0.0,0.0,0.0,0.0,0.0,0.0,0.0,0.0,0.0,0.0,0.0,0.0,0.0,0.0,80.0,125.0,250.0,250.0,330.0,300.0,150.0,150.0,120.0,120.0,120.0,120.0,173.0,180.0,180.0,180.0,180.0,200.0
Belarus,,,,,,,,,,,,,,,,,,,,,,,,,,,,,,,,,,0.0,0.0,0.0,0.0,0.0,0.0,0.0,0.0,1105.0,946.0,880.0,744.0,886.0,1219.0,1412.0,1448.0,1502.0,1486.0,1484.0,1591.0,1792.0,2027.0,2324.0,2410.0,2589.0,2417.0,2530.0,2614.0,2687.0,2245.0,2513.0,2510.0,2188.0,2343.0,2470.0
Kazakhstan,,,,,,,,,,,,,,,,,,,,,,,,,,,,,,,,,,,0.0,0.0,0.0,0.0,0.0,0.0,0.0,5675.0,4279.0,2969.0,3028.0,3216.0,3889.0,3121.0,4099.0,4769.0,4655.0,4814.0,4898.0,5385.0,4451.0,4269.0,4782.0,4250.0,4146.0,4220.0,4699.0,3676.0,3275.0,3681.0,3910.0,4289.0,4641.0,3964.0
Moldova,,,,,,,,,,,,,,,,,,,,,,,,,,,,,,,,,,0.0,0.0,0.0,0.0,0.0,0.0,0.0,0.0,619.0,604.0,633.0,663.0,646.0,811.0,735.0,796.0,908.0,967.0,514.0,850.0,1013.0,1049.0,677.0,965.0,885.0,426.0,240.0,313.0,335.0,190.0,351.0,443.0,126.0,469.0,497.0
Russia,,,,,,,,,,,,,,,,,,,,,,,,,,,,,,,,,,0.0,0.0,0.0,0.0,0.0,0.0,0.0,0.0,67029.0,58346.0,48812.0,51589.0,49253.0,48502.0,43822.0,51510.0,59136.0,58970.0,59777.0,61450.0,65583.0,66146.0,70830.0,72387.0,68510.0,60011.0,66942.0,68852.0,70209.0,69008.0,71461.0,70898.0,70453.0,71491.0,72042.0
Ukraine,,,,,,,,,,,,,,,,,,,,,,,,,,,,,,,,,,0.0,0.0,0.0,0.0,0.0,0.0,0.0,0.0,41759.0,32609.0,24081.0,22309.0,22332.0,25629.0,24445.0,27453.0,31767.0,33108.0,34050.0,36932.0,38738.0,38641.0,40891.0,42830.0,37279.0,29855.0,33432.0,35332.0,32975.0,32771.0,27170.0,22968.0,24218.0,21417.0,21100.0
Uzbekistan,,,,,,,,,,,,,,,,,,,,,,,,,,,,,,,,,,0.0,0.0,0.0,0.0,0.0,0.0,0.0,0.0,630.0,573.0,364.0,367.0,444.0,379.0,351.0,344.0,407.0,433.0,450.0,499.0,602.0,595.0,617.0,645.0,682.0,716.0,716.0,733.0,736.0,746.0,723.0,643.0,654.0,654.0,646.0
CIS,,,,,,,,,,,,,,,,,,,,,,,,,,,,,,,,,,0.0,0.0,0.0,0.0,0.0,0.0,,0.0,117731.0,97809.0,77921.0,78804.0,76880.0,80558.0,73950.0,85657.0,98489.0,99699.0,101214.0,106470.0,113363.0,113239.0,119908.0,124169.0,114345.0,97691.0,108200.0,112663.0,110739.0,108408.0,106079.0,101552.0,102108.0,101195.0,100919.0
Canada,3237.0,3359.0,3734.0,2898.0,4114.0,4809.0,4598.0,3955.0,5354.0,5270.0,5886.0,6507.0,7436.0,8282.0,9132.0,9093.0,8797.0,10161.0,9350.0,11198.0,11200.0,11863.0,13388.0,13623.0,0.0,13290.0,13631.0,14899.0,16054.0,15901.0,14811.0,11871.0,12832.0,14699.0,14637.0,14081.0,14737.0,14865.0,15458.0,12281.0,12987.0,13933.0,14387.0,13897.0,14415.0,14735.0,15553.0,15930.0,16235.0,16595.0,15276.0,16002.0,15929.0,16305.0,15327.0,15493.0,15572.0,14945.0,9292.0,13009.0,12891.0,13507.0,12417.0,12730.0,12473.0,12646.0,13208.0,13443.0
Cuba,,,,,,,,,,,,,0.0,52.0,0.0,0.0,102.0,102.0,119.0,0.0,160.0,185.0,220.0,240.0,0.0,256.0,302.0,324.0,328.0,304.0,330.0,301.0,352.0,325.0,401.0,412.0,402.0,320.0,314.0,255.0,180.0,134.0,91.0,131.0,207.0,231.0,342.0,283.0,303.0,336.0,270.0,268.0,210.0,192.0,245.0,257.0,268.0,279.0,267.0,278.0,282.0,277.0,322.0,256.0,284.0,244.0,221.0,225.0
El Salvador,,,,,,,,,,,,,,,,,,,,,,,,,,,,,,,,,,,12.0,9.0,13.0,11.0,12.0,16.0,16.0,28.0,37.0,24.0,28.0,41.0,45.0,43.0,34.0,41.0,39.0,49.0,57.0,59.0,48.0,72.0,73.0,71.0,56.0,64.0,97.0,72.0,118.0,121.0,124.0,100.0,96.0,99.0
Guatemala,,,,,,,,,,,,,,,,,,,,,,,,,,,,,,,,,,,10.0,10.0,0.0,17.0,22.0,0.0,0.0,0.0,0.0,0.0,0.0,0.0,0.0,0.0,0.0,167.0,202.0,216.0,226.0,232.0,207.0,292.0,349.0,250.0,224.0,274.0,294.0,334.0,385.0,395.0,403.0,314.0,294.0,300.0
Mexico,453.0,601.0,462.0,454.0,,591.0,687.0,988.0,1213.0,11500.0,1725.0,1851.0,1974.0,2284.0,2394.0,2780.0,3059.0,3270.0,3470.0,3846.0,,4431.0,4760.0,3138.0,0.0,5298.0,,6775.0,7117.0,7156.0,7663.0,7056.0,6978.0,7560.0,7399.0,7225.0,7642.0,7779.0,7852.0,8734.0,7964.0,8459.0,9199.0,10260.0,12147.0,13196.0,14246.0,14218.0,15274.0,15631.0,13300.0,14010.0,15159.0,16737.0,16195.0,16447.0,17573.0,17209.0,14132.0,16870.0,18110.0,18073.0,18242.0,18930.0,18218.0,18824.0,19955.0,20204.0
Trinidad And Tobago,,,,,,,,,,,,,,,,,,,,,,,0.0,0.0,0.0,0.0,0.0,0.0,0.0,0.0,0.0,183.0,210.0,187.0,172.0,336.0,388.0,374.0,347.0,371.0,371.0,553.0,519.0,631.0,738.0,695.0,736.0,777.0,729.0,741.0,668.0,817.0,903.0,815.0,712.0,673.0,682.0,0.0,0.0,0.0,417.0,572.0,603.0,628.0,616.0,487.0,591.0,36.0
United States,95435.0,84520.0,101250.0,80115.0,106173.0,522.0,102253.0,77342.0,84773.0,90067.0,88917.0,89202.0,99120.0,115281.0,119260.0,121655.0,115406.0,119262.0,128152.0,119309.0,,120874.0,136802.0,1232195.0,132195.0,16120.0,13700.0,124313.0,123688.0,101456.0,109614.0,67656.0,76762.0,83941.0,80067.0,74032.0,80876.0,90649.0,88852.0,89726.0,79738.0,84322.0,88793.0,91244.0,95191.0,95535.0,98485.0,98658.0,97427.0,101803.0,90104.0,91587.0,93677.0,99681.0,94897.0,98188.0,98101.0,91895.0,59384.0,80495.0,86398.0,88695.0,86878.0,88174.0,78845.0,78475.0,81612.0,86607.0
Argentina,132.0,126.0,174.0,186.0,218.0,202.0,221.0,244.0,214.0,277.0,442.0,644.0,913.0,1267.0,1371.0,1286.0,1348.0,1579.0,1720.0,1859.0,,2151.0,2205.0,2353.0,,2410.0,2684.0,2782.0,3199.0,2687.0,2526.0,2913.0,2943.0,2647.0,2972.0,3272.0,3603.0,3652.0,3909.0,3636.0,2991.0,2700.0,2886.0,3289.0,3581.0,4075.0,4169.0,4216.0,3799.0,4474.0,4107.0,4356.0,5044.0,5133.0,5380.0,5533.0,5387.0,5541.0,4013.0,5138.0,5611.0,4995.0,5186.0,5488.0,5028.0,4126.0,4624.0,5162.0
Brazil,843.0,893.0,483.0,483.0,1162.0,1375.0,1299.0,1362.0,1608.0,2260.0,2443.0,2396.0,2737.0,2938.0,2983.0,3782.0,3734.0,4453.0,4925.0,5390.0,,6518.0,7150.0,7515.0,,9253.0,11253.0,12205.0,13893.0,15337.0,13226.0,12995.0,14671.0,18386.0,20455.0,21233.0,22228.0,24657.0,25055.0,20567.0,22617.0,23934.0,25207.0,25747.0,25076.0,25237.0,26153.0,25760.0,24996.0,27865.0,26717.0,29604.0,31147.0,32909.0,31610.0,30901.0,33782.0,33716.0,26506.0,32948.0,35220.0,34524.0,34163.0,33897.0,33258.0,31642.0,34778.0,35407.0
Chile,178.0,243.0,313.0,30.0,290.0,30.0,388.0,348.0,415.0,422.0,363.0,495.0,489.0,544.0,441.0,540.0,596.0,526.0,601.0,547.0,654.0,0.0,631.0,0.0,308.0,503.0,548.0,597.0,657.0,704.0,644.0,492.0,618.0,692.0,689.0,706.0,726.0,909.0,800.0,772.0,807.0,1013.0,1069.0,1040.0,1014.0,1178.0,1167.0,1171.0,1291.0,1352.0,1247.0,1279.0,1377.0,1579.0,1541.0,1607.0,1678.0,1549.0,1308.0,1011.0,1615.0,1671.0,1323.0,1079.0,1112.0,1153.0,1158.0,1145.0
Colombia,0.0,0.0,0.0,0.0,877.0,90.0,114.0,121.0,109.0,157.0,181.0,194.0,0.0,200.0,204.0,174.0,207.0,199.0,206.0,239.0,325.0,373.0,373.0,333.0,233.0,356.0,330.0,390.0,354.0,420.0,402.0,422.0,482.0,507.0,530.0,632.0,689.0,712.0,711.0,701.0,652.0,657.0,687.0,693.0,714.0,695.0,734.0,636.0,534.0,660.0,638.0,664.0,668.0,730.0,1007.0,1211.0,1245.0,1053.0,1052.0,1208.0,1287.0,1302.0,1236.0,1208.0,1211.0,1272.0,1253.0,1219.0
Ecuador,,,,,,,,,,,,,,,,,,,,,,,0.0,0.0,0.0,0.0,0.0,0.0,0.0,17.0,28.0,28.0,23.0,18.0,18.0,17.0,25.0,23.0,23.0,20.0,20.0,20.0,27.0,32.0,35.0,20.0,44.0,46.0,53.0,58.0,60.0,69.0,80.0,72.0,84.0,85.0,87.0,128.0,259.0,372.0,463.0,425.0,570.0,667.0,720.0,576.0,561.0,583.0
Paraguay,,,,,,,,,,,,,,,,,,,,,,,,,,,,,,0.0,0.0,0.0,0.0,0.0,0.0,0.0,13.0,62.0,55.0,48.0,61.0,86.0,77.0,87.0,95.0,96.0,66.0,56.0,56.0,77.0,71.0,80.0,91.0,107.0,101.0,115.0,95.0,83.0,54.0,59.0,30.0,44.0,45.0,47.0,48.0,35.0,24.0,25.0
Peru,,,,,0.0,0.0,7.0,20.0,51.0,60.0,,71.0,2.0,82.0,94.0,80.0,80.0,106.0,194.0,94.0,179.0,179.0,181.0,356.0,0.0,346.0,379.0,374.0,379.0,447.0,364.0,273.0,299.0,337.0,397.0,486.0,496.0,430.0,364.0,270.0,404.0,343.0,417.0,509.0,512.0,578.0,607.0,631.0,559.0,751.0,690.0,611.0,669.0,726.0,790.0,896.0,881.0,1110.0,718.0,880.0,877.0,981.0,1069.0,1078.0,1082.0,1168.0,1207.0,1217.0
Uruguay,,,,,,0.0,0.0,0.0,0.0,10.0,9.0,0.0,2.0,14.0,13.0,10.0,14.0,8.0,14.0,16.0,15.0,13.0,12.0,14.0,0.0,16.0,19.0,1.0,16.0,18.0,15.0,28.0,46.0,41.0,41.0,39.0,31.0,30.0,37.0,38.0,41.0,55.0,36.0,36.0,40.0,34.0,39.0,52.0,45.0,38.0,31.0,34.0,40.0,58.0,64.0,57.0,71.0,86.0,57.0,65.0,81.0,78.0,91.0,94.0,97.0,61.0,58.0,60.0
Venezuela,,,,,,0.0,0.0,0.0,50.0,47.0,75.0,225.0,364.0,441.0,625.0,537.0,690.0,860.0,840.0,927.0,924.0,1128.0,1063.0,0.0,1058.0,937.0,854.0,8591.0,1475.0,1975.0,2030.0,2226.0,2367.0,2777.0,3055.0,3401.0,3699.0,3646.0,3196.0,3233.0,3315.0,3489.0,3392.0,3524.0,3568.0,3956.0,3987.0,3553.0,3261.0,3835.0,3813.0,4164.0,3930.0,4561.0,4910.0,4864.0,5005.0,4224.0,3808.0,2207.0,2980.0,2359.0,2139.0,1485.0,1345.0,553.0,444.0,129.0
Algeria,,,,,,,,,0.0,31.0,30.0,6.0,10.0,23.0,23.0,21.0,21.0,28.0,30.0,31.0,,98.0,195.0,0.0,173.0,356.0,410.0,21.0,450.0,388.0,557.0,868.0,892.0,755.0,1414.0,1450.0,1533.0,1412.0,1041.0,836.0,840.0,842.0,865.0,807.0,827.0,651.0,399.0,600.0,758.0,842.0,947.0,1091.0,1051.0,1014.0,1007.0,1158.0,1278.0,619.0,597.0,662.0,551.0,557.0,417.0,415.0,650.0,650.0,415.0,2000.0
Dr Congo,,,,,,,,,,,,,,,,,,,,,,,,,,,,,,,,,,,,,,,,,,,,,,,,,,,,,30.0,30.0,30.0,30.0,30.0,30.0,30.0,30.0,30.0,30.0,30.0,30.0,30.0,30.0,30.0,30.0
Egypt,,,,,,,,,,,,188.0,0.0,7.0,179.0,195.0,300.0,195.0,300.0,300.0,,7.0,525.0,0.0,500.0,580.0,819.0,823.0,9251.0,968.0,1015.0,1074.0,979.0,928.0,1028.0,1013.0,1433.0,2025.0,2114.0,2247.0,2556.0,2524.0,2772.0,2622.0,2642.0,2618.0,2717.0,2870.0,2627.0,2838.0,3799.0,4316.0,4398.0,4810.0,5603.0,6045.0,6224.0,6198.0,5541.0,6676.0,6485.0,6627.0,6754.0,6485.0,5506.0,5036.0,6870.0,7807.0
Ghana,,,,,,,,,,,,,,,,,,,,,,,,,,,,,,,,,,,20.0,20.0,20.0,20.0,20.0,20.0,20.0,20.0,19.0,20.0,25.0,26.0,25.0,25.0,25.0,25.0,25.0,25.0,25.0,25.0,25.0,25.0,25.0,25.0,25.0,25.0,25.0,25.0,25.0,25.0,25.0,25.0,25.0,25.0
Kenya,,,,,,,,,,,,,,,,,,,,,,,,,,,,,,,,,1.0,1.0,14.0,16.0,20.0,20.0,19.0,20.0,20.0,20.0,20.0,20.0,20.0,20.0,20.0,20.0,20.0,20.0,20.0,20.0,20.0,20.0,20.0,20.0,20.0,20.0,20.0,20.0,20.0,20.0,20.0,20.0,20.0,20.0,20.0,20.0
Libya,,,,,,,,,,,,,,,,,,,,,,,,,,,,,,,,,0.0,0.0,0.0,0.0,0.0,0.0,0.0,492.0,718.0,789.0,920.0,874.0,909.0,863.0,897.0,874.0,966.0,1055.0,846.0,886.0,1007.0,1026.0,1255.0,1151.0,1250.0,1137.0,914.0,825.0,100.0,315.0,712.0,712.0,352.0,492.0,422.0,396.0
Mauritania,,,,,,,,,,,,,,,,,,,,,,,,,,,,,,,,,,,2.0,10.0,10.0,9.0,6.0,9.0,5.0,7.0,7.0,7.0,5.0,5.0,5.0,5.0,5.0,5.0,5.0,5.0,5.0,5.0,5.0,5.0,5.0,5.0,5.0,5.0,5.0,5.0,5.0,5.0,5.0,5.0,5.0,5.0
Morocco,,,,,,,,,,,,,0.0,1.0,1.0,1.0,1.0,1.0,0.0,0.0,,,,,,,,,,,,,,,6.0,6.0,6.0,6.0,7.0,7.0,0.0,7.0,7.0,7.0,7.0,5.0,5.0,5.0,5.0,5.0,5.0,5.0,5.0,5.0,210.0,314.0,512.0,478.0,499.0,485.0,654.0,539.0,558.0,501.0,516.0,520.0,550.0,600.0
Nigeria,,,,,,,,,,,,,,,,,,,,,,,,15.0,14.0,15.0,5.0,5.0,15.0,20.0,22.0,90.0,182.0,229.0,321.0,200.0,184.0,234.0,234.0,213.0,0.0,0.0,0.0,0.0,36.0,12.0,0.0,0.0,0.0,0.0,0.0,0.0,0.0,40.0,100.0,100.0,100.0,100.0,100.0,100.0,100.0,100.0,100.0,100.0,100.0,100.0,100.0,100.0
South Africa,,,298.0,431.0,580.0,605.0,91737.0,1832.0,1895.0,2113.0,2475.0,2634.0,2834.0,3293.0,13.0,302.0,3751.0,4060.0,4543.0,4674.0,4881.0,5337.0,5722.0,722.0,5839.0,7106.0,7295.0,7902.0,8876.0,9067.0,9005.0,8280.0,7180.0,7732.0,8507.0,8895.0,8991.0,8837.0,9337.0,8619.0,9358.0,9061.0,8726.0,8525.0,8741.0,7999.0,8311.0,7956.0,7857.0,8481.0,8821.0,9095.0,9481.0,9500.0,9494.0,9718.0,9098.0,8246.0,7484.0,7617.0,7546.0,6938.0,7162.0,6412.0,6417.0,6141.0,6301.0,6327.0
Tunisia,,,,,,,,,,80.0,0.0,0.0,0.0,0.0,0.0,25.0,46.0,80.0,102.0,100.0,90.0,133.0,140.0,131.0,127.0,103.0,156.0,160.0,176.0,178.0,180.0,112.0,163.0,166.0,160.0,182.0,188.0,159.0,187.0,177.0,194.0,182.0,183.0,184.0,201.0,187.0,195.0,171.0,231.0,229.0,239.0,200.0,86.0,66.0,70.0,75.0,80.0,82.0,155.0,150.0,150.0,150.0,150.0,150.0,50.0,50.0,50.0,50.0
Uganda,,,,,,,,,,0.0,0.0,,0.0,0.0,0.0,2.0,20.0,20.0,21.0,20.0,,,,,,,,,,,,,,,8.0,8.0,10.0,10.0,30.0,30.0,30.0,30.0,30.0,30.0,30.0,30.0,30.0,30.0,30.0,30.0,30.0,30.0,30.0,30.0,30.0,30.0,30.0,30.0,30.0,30.0,30.0,30.0,30.0,30.0,30.0,30.0,30.0,30.0
Iran,,,,,,,,,,,,,,,,,,,,,0.0,0.0,240.0,7.0,0.0,549.0,1825.0,1300.0,1430.0,550.0,565.0,550.0,734.0,854.0,836.0,838.0,839.0,978.0,1081.0,1425.0,2203.0,2937.0,3672.0,4498.0,4696.0,5415.0,6322.0,5602.0,6070.0,6600.0,6916.0,7321.0,7869.0,8682.0,9404.0,9789.0,10051.0,9964.0,10908.0,11995.0,13197.0,14463.0,15422.0,16331.0,16146.0,17895.0,21236.0,24520.0
Israel,,,,,,,,85.0,20.0,0.0,0.0,0.0,0.0,83.0,84.0,84.0,84.0,100.0,120.0,120.0,65.0,465.0,65.0,0.0,7.0,10.0,12.0,94.0,107.0,115.0,114.0,87.0,83.0,92.0,100.0,110.0,116.0,99.0,100.0,135.0,90.0,109.0,120.0,180.0,220.0,265.0,270.0,280.0,280.0,280.0,280.0,280.0,280.0,280.0,300.0,300.0,300.0,300.0,300.0,300.0,300.0,300.0,300.0,300.0,300.0,300.0,300.0,300.0
Jordan,,,,,,,,,,,,,,,,,,,,,,,,,,,,,,,,,,,25.0,30.0,33.0,40.0,45.0,30.0,30.0,30.0,30.0,30.0,30.0,30.0,30.0,30.0,30.0,30.0,30.0,134.0,135.0,140.0,150.0,150.0,150.0,150.0,150.0,150.0,150.0,150.0,150.0,150.0,150.0,150.0,150.0,150.0
Oman,,,,,,,,,,,,,,,,,,,,,,,,,,,,,,,,,,,,,,,,,,,,,,,,,,,,,,0.0,0.0,0.0,0.0,0.0,0.0,0.0,200.0,300.0,500.0,1500.0,2000.0,2000.0,2000.0,2000.0
Qatar,,,,,,,,,,,,,,,,,,,,,0.0,0.0,0.0,0.0,0.0,0.0,0.0,127.0,396.0,461.0,469.0,495.0,480.0,488.0,533.0,507.0,491.0,527.0,563.0,564.0,564.0,575.0,620.0,572.0,606.0,616.0,608.0,637.0,629.0,729.0,891.0,1027.0,1055.0,1089.0,1057.0,1003.0,1147.0,1406.0,1448.0,1970.0,2038.0,2145.0,2236.0,3019.0,2593.0,2521.0,2644.0,2575.0
Saudi Arabia,,,,,,,,,,,,,,,,,,,,,,,,,,0.0,0.0,,0.0,0.0,0.0,0.0,275.0,842.0,1106.0,1100.0,1365.0,1614.0,1768.0,1790.0,1783.0,1823.0,2318.0,2411.0,2451.0,2683.0,2539.0,2356.0,2610.0,2981.0,3413.0,3570.0,3944.0,3902.0,4186.0,3974.0,4644.0,4667.0,4690.0,5015.0,5275.0,5203.0,5471.0,6291.0,5229.0,5461.0,4831.0,5240.0
Syria,,,,,,,,,,,,,,,,,,,,,,,,,,,,,,,,,,,31.0,73.0,0.0,27.0,18.0,30.0,76.0,70.0,70.0,70.0,70.0,70.0,70.0,70.0,70.0,70.0,70.0,70.0,70.0,70.0,70.0,70.0,70.0,70.0,70.0,70.0,70.0,10.0,10.0,5.0,5.0,5.0,5.0,5.0
United Arab Emirates,,,,,,,,,,,,,,,,,,,,,,,,,,,,,,,,,,,45.0,45.0,45.0,45.0,45.0,45.0,45.0,45.0,45.0,45.0,60.0,90.0,90.0,90.0,90.0,90.0,90.0,90.0,90.0,90.0,90.0,90.0,90.0,90.0,200.0,500.0,2000.0,2408.0,2878.0,2390.0,3006.0,3149.0,3309.0,3247.0
Bangladesh,,,,,,,,,,,,,,,0.0,56.0,64.0,165.0,213.0,213.0,,,68.0,74.0,74.0,30.0,108.0,120.0,125.0,131.0,134.0,78.0,58.0,88.0,101.0,96.0,82.0,70.0,70.0,90.0,90.0,0.0,0.0,0.0,0.0,0.0,0.0,0.0,,,,,,,0.0,0.0,0.0,50.0,70.0,78.0,85.0,87.0,84.0,90.0,100.0,100.0,100.0,100.0
China,900.0,1349.0,1774.0,2225.0,2853.0,4465.0,5350.0,11080.0,13350.0,18450.0,1774.0,10000.0,61774.0,14000.0,15000.0,16000.0,11000.0,15000.0,16000.0,418000.0,,23000.0,25219.0,25219.0,23903.0,20459.0,23740.0,31780.0,34484.0,37121.0,35604.0,37160.0,40021.0,43475.0,46794.0,52208.0,56280.0,59430.0,61587.0,66349.0,71000.0,80935.0,89539.0,92613.0,95360.0,101237.0,108911.0,114588.0,124260.0,128500.0,151634.0,182249.0,222336.0,272798.0,355790.0,421024.0,489712.0,512339.0,577070.0,638743.0,701968.0,731040.0,822000.0,822306.0,803825.0,807609.0,870855.0,928264.0
India,1524.0,1603.0,1531.0,1712.0,1732.0,1766.0,1742.0,1842.0,3286.0,3286.0,4084.0,2.0,5885.0,26033.0,6470.0,6660.0,6440.0,6495.0,6514.0,6286.0,6101.0,6856.0,6889.0,7069.0,2991.0,9364.0,10009.0,10099.0,10126.0,9514.0,10765.0,10997.0,10237.0,10549.0,11936.0,12197.0,13121.0,14309.0,14608.0,14963.0,17100.0,18117.0,18155.0,19282.0,22003.0,23753.0,24415.0,23480.0,24296.0,26924.0,27291.0,28814.0,31779.0,32626.0,45780.0,49450.0,53468.0,57791.0,63527.0,68976.0,73471.0,77264.0,81299.0,87292.0,89026.0,95477.0,101455.0,109272.0
Indonesia,,,,,,,,,,,,,,,,,,,,,10.0,10.0,50.0,80.0,80.0,139.0,250.0,225.0,182.0,543.0,621.0,693.0,983.0,1171.0,1374.0,1729.0,2059.0,2054.0,2383.0,2892.0,3089.0,2949.0,3802.0,3220.0,4130.0,4109.0,3816.0,2699.0,2891.0,2848.0,2781.0,2462.0,2042.0,3682.0,3675.0,3759.0,4160.0,3915.0,3501.0,3664.0,3621.0,2254.0,2644.0,4351.0,4854.0,4746.0,5195.0,6183.0
Japan,6502.0,6988.0,7662.0,7750.0,9408.0,11106.0,12570.0,12118.0,16629.0,22138.0,28268.0,27546.0,31501.0,39799.0,41161.0,47784.0,62154.0,66893.0,82167.0,93322.0,88557.0,96900.0,96900.0,102313.0,17131.0,107399.0,2405.0,102105.0,111748.0,111305.0,101676.0,99548.0,97179.0,105586.0,105279.0,98275.0,98513.0,105681.0,107908.0,110339.0,109649.0,98132.0,99623.0,98295.0,101640.0,98801.0,104545.0,93548.0,94192.0,106444.0,102866.0,107745.0,110511.0,112718.0,112471.0,116226.0,120203.0,118739.0,87534.0,109599.0,107601.0,107232.0,110595.0,110666.0,105134.0,104775.0,104661.0,104319.0
North Korea,0.0,0.0,4.0,56.0,137.0,189.0,277.0,365.0,451.0,641.0,4.0,4.0,4.0,1132.0,1230.0,1300.0,1450.0,1750.0,2000.0,2200.0,,23460.0,2900.0,200.0,290.0,3000.0,4000.0,,5400.0,5800.0,5500.0,5800.0,6100.0,6500.0,6500.0,6600.0,6730.0,6830.0,6930.0,7000.0,5000.0,4000.0,3500.0,1600.0,600.0,600.0,600.0,300.0,300.0,300.0,300.0,300.0,1400.0,1400.0,1400.0,1400.0,1400.0,1300.0,1300.0,1300.0,1300.0,1280.0,1250.0,1250.0,1250.0,1250.0,1250.0,1250.0
South Korea,1.0,1.0,1.0,8.0,8.0,12.0,17.0,20.0,38.0,50.0,66.0,149.0,160.0,129.0,185.0,224.0,300.0,372.0,374.0,481.0,472.0,472.0,1157.0,1947.0,0.0,3511.0,4345.0,4969.0,7610.0,8558.0,10753.0,11758.0,11915.0,13034.0,13539.0,14555.0,16782.0,19118.0,21873.0,23125.0,26001.0,28055.0,33026.0,33745.0,36772.0,38903.0,42554.0,39896.0,41042.0,43107.0,43852.0,45390.0,46310.0,47521.0,47820.0,48455.0,51517.0,53625.0,48572.0,58914.0,68519.0,69073.0,66061.0,71543.0,69670.0,68576.0,71030.0,72464.0
Malaysia,,,,,,,,,,,,,,,,,,,,,,137.0,180.0,182.0,182.0,190.0,194.0,203.0,207.0,210.0,210.0,210.0,350.0,350.0,400.0,450.0,680.0,925.0,1000.0,1100.0,1130.0,1559.0,1807.0,2046.0,2450.0,3216.0,2962.0,1903.0,2770.0,3650.0,4100.0,4722.0,3960.0,5698.0,5296.0,5834.0,6895.0,6423.0,5354.0,5694.0,5941.0,5612.0,4693.0,4316.0,3784.0,2764.0,3215.0,4108.0
Mongolia,,,,,,,,,,,,,,,,,,,,,,,,,,,,,,,,,,,,,,,,,,,,,0.0,0.0,0.0,0.0,0.0,35.0,35.0,35.0,35.0,35.0,35.0,35.0,35.0,35.0,35.0,35.0,35.0,35.0,40.0,45.0,45.0,50.0,50.0,50.0
Myanmar,,,,,,,,,,,,,,,,,,,,,,,,,,,,,,,,,,,35.0,35.0,25.0,25.0,25.0,25.0,25.0,15.0,25.0,25.0,25.0,25.0,25.0,25.0,25.0,25.0,25.0,25.0,25.0,25.0,25.0,25.0,25.0,25.0,25.0,25.0,25.0,25.0,30.0,35.0,35.0,35.0,35.0,35.0
Pakistan,3.0,8.0,0.0,2.0,0.0,1.0,2.0,0.0,5.0,1.0,5.0,0.0,1.0,12.0,,,,,,,,,,,,,,,,0.0,10.0,50.0,120.0,300.0,850.0,1100.0,1100.0,1100.0,950.0,780.0,870.0,853.0,992.0,1000.0,950.0,900.0,900.0,900.0,900.0,950.0,953.0,970.0,1000.0,1145.0,825.0,1040.0,1090.0,1000.0,1199.0,1401.0,1592.0,1631.0,1845.0,2423.0,2892.0,3553.0,4966.0,4719.0
Philippines,,,,,,,,,,,,,,,,,,,,,136.0,173.0,216.0,0.0,309.0,350.0,357.0,276.0,397.0,330.0,350.0,350.0,200.0,250.0,300.0,400.0,450.0,500.0,550.0,600.0,605.0,497.0,623.0,473.0,923.0,920.0,980.0,880.0,530.0,426.0,500.0,550.0,500.0,400.0,470.0,558.0,718.0,711.0,824.0,1050.0,1200.0,1260.0,1308.0,1196.0,968.0,1075.0,1378.0,1475.0
Singapore,,,,,,,,,,,,,,,,,,,,,130.0,198.0,211.0,211.0,196.0,203.0,215.0,281.0,293.0,340.0,263.0,359.0,305.0,362.0,365.0,390.0,441.0,432.0,495.0,489.0,510.0,482.0,520.0,530.0,521.0,531.0,383.0,499.0,590.0,603.0,456.0,460.0,561.0,610.0,572.0,607.0,640.0,764.0,664.0,728.0,752.0,688.0,434.0,540.0,501.0,520.0,596.0,618.0
Sri Lanka,,,,,,,,,,,,,,,,,,,,,,,,,,,,,,,,,,,30.0,30.0,30.0,30.0,30.0,30.0,30.0,30.0,30.0,30.0,30.0,30.0,30.0,30.0,30.0,30.0,30.0,30.0,30.0,30.0,30.0,30.0,30.0,30.0,30.0,30.0,30.0,30.0,30.0,30.0,30.0,30.0,30.0,30.0
Taiwan,16.0,18.0,20.0,25.0,40.0,79.0,89.0,107.0,159.0,0.0,174.0,71.0,,,,,,,,,470.0,470.0,535.0,0.0,0.0,7103.0,1710.0,3426.0,3186.0,3417.0,3157.0,4152.0,5022.0,4934.0,5186.0,5545.0,5771.0,8288.0,9047.0,9748.0,10973.0,10705.0,11970.0,11594.0,11605.0,12416.0,16056.0,16965.0,15438.0,16896.0,17261.0,18230.0,18832.0,19599.0,18942.0,20000.0,20903.0,19882.0,15814.0,19755.0,20178.0,20664.0,22282.0,23221.0,21392.0,21751.0,22438.0,23240.0
Thailand,,,,,,0.0,4.0,5.0,0.0,0.0,0.0,6.0,0.0,0.0,0.0,22.0,3.0,3.0,6.0,40.0,170.0,170.0,324.0,0.0,0.0,281.0,309.0,346.0,440.0,450.0,300.0,312.0,244.0,381.0,447.0,463.0,534.0,552.0,689.0,685.0,7114.0,929.0,954.0,1461.0,2134.0,2143.0,2101.0,1814.0,1532.0,2100.0,2127.0,2538.0,3551.0,4533.0,5161.0,4914.0,5565.0,5211.0,3646.0,4145.0,4256.0,3641.0,3613.0,5835.0,5069.0,5400.0,6762.0,6403.0
Vietnam,,,,,,,,,,,,,,,,,,,,,,,,,,,,,,,,,,60.0,60.0,64.0,70.0,74.0,85.0,102.0,183.0,219.0,270.0,301.0,271.0,311.0,314.0,306.0,308.0,306.0,319.0,409.0,544.0,689.0,890.0,1869.0,2024.0,2250.0,2700.0,4314.0,4900.0,5298.0,5474.0,5847.0,5647.0,7811.0,11473.0,15471.0
Australia,1486.0,1652.0,2076.0,2246.0,2236.0,2580.0,3064.0,3183.0,3450.0,3753.0,3947.0,4238.0,4334.0,4841.0,5213.0,5650.0,6212.0,6388.0,6531.0,6874.0,6753.0,6751.0,7699.0,7813.0,0.0,7794.0,,7338.0,8119.0,7589.0,7635.0,6371.0,5676.0,6302.0,6609.0,6674.0,6100.0,6387.0,6735.0,6676.0,61414.0,6803.0,7853.0,8424.0,8460.0,8415.0,8831.0,8941.0,8172.0,7129.0,7033.0,7527.0,7544.0,7414.0,7757.0,7881.0,7939.0,7625.0,5249.0,7296.0,6404.0,4893.0,4688.0,4607.0,4925.0,5259.0,5328.0,5689.0
New Zealand,,,,,,,,,,,,,,,,,,,,,144.0,157.0,190.0,194.0,135.0,222.0,218.0,225.0,229.0,230.0,221.0,252.0,234.0,280.0,227.0,287.0,409.0,560.0,682.0,719.0,806.0,758.0,853.0,768.0,842.0,808.0,758.0,756.0,775.0,702.0,826.0,765.0,853.0,885.0,889.0,810.0,845.0,799.0,765.0,853.0,844.0,912.0,900.0,859.0,793.0,577.0,657.0,652.0
World,210800.0,211400.0,234700.0,223500.0,269300.0,278900.0,287000.0,263000.0,305600.0,346600.0,351200.0,360100.0,386491.0,437800.0,459000.0,475700.0,493600.0,528700.0,572500.0,593900.0,,,,,,,,,,,,,,710137.0,748908.0,714001.0,735523.0,780121.0,785968.0,770458.0,733592.0,719680.0,727548.0,725107.0,752271.0,750090.0,798954.0,777328.0,789275.0,848934.0,851073.0,904053.0,971015.0,1062541.0,1147975.0,1250098.0,1348108.0,1343429.0,1238749.0,1433432.0,1538021.0,1560444.0,1650423.0,1671128.0,1621537.0,1629096.0,1732171.0,1816611.0
Zimbabwe,,,,,,,,,,,,,,,,,,,,150.0,,439.0,485.0,0.0,0.0,733.0,734.0,778.0,740.0,805.0,691.0,538.0,647.0,423.0,730.0,680.0,616.0,603.0,582.0,585.0,581.0,547.0,221.0,154.0,220.0,212.0,214.0,212.0,0.0,0.0,0.0,0.0,0.0,0.0,0.0,0.0,0.0,,,,,,,,,,,
Serbia And Montenegro,,,,,,,,,,,,,,,,,,,,,,,,,,,,,,,,,,,,,,,,,,,,,182.0,689.0,1025.0,0.0,0.0,0.0,0.0,0.0,0.0,0.0,0.0,0.0,,,,,,,,,,,,
Denmark,161.0,176.0,180.0,199.0,237.0,240.0,262.0,255.0,292.0,317.0,323.0,367.0,359.0,396.0,0.0,405.0,405.0,457.0,482.0,473.0,471.0,498.0,453.0,45.0,0.0,122.0,686.0,863.0,804.0,734.0,612.0,560.0,493.0,548.0,528.0,632.0,606.0,650.0,624.0,610.0,633.0,591.0,603.0,722.0,0.0,0.0,0.0,0.0,0.0,0.0,0.0,0.0,,,,,,,,,,,,,,,,
Zaire,,,,,,,,,,,,,,,,,,,,,,,,,,,,,,,,,,,30.0,30.0,30.0,30.0,30.0,30.0,30.0,30.0,30.0,30.0,30.0,30.0,30.0,30.0,30.0,30.0,30.0,30.0,,,,,,,,,,,,,,,,
Ireland,,,,,,,64.0,28.0,45.0,40.0,28.0,,,53.0,66.0,66.0,65.0,68.0,81.0,80.0,80.0,77.0,116.0,110.0,0.0,58.0,47.0,69.0,72.0,2.0,32.0,61.0,141.0,166.0,203.0,208.0,220.0,271.0,324.0,326.0,293.0,257.0,326.0,326.0,0.0,0.0,0.0,0.0,0.0,0.0,0.0,,,,,,,,,,,,,,,,,
Dominican Republic,,,,,,,,,,,,,,,,,,,,,,,,,,,,,,,,,,,64.0,0.0,0.0,0.0,55.0,37.0,39.0,33.0,0.0,0.0,0.0,0.0,0.0,0.0,0.0,0.0,,,,,,,,,,,,,,,,,,
Angola,,,,,,,,,,,,,,,,,,,,,,,,,,,,,,,,,,,10.0,10.0,10.0,10.0,0.0,0.0,0.0,0.0,0.0,0.0,0.0,0.0,0.0,0.0,0.0,0.0,,,,,,,,,,,,,,,,,,
Georgia,,,,,,,,,,,,,,,,,,,,,,,,,,,,,,,,,,0.0,0.0,0.0,0.0,0.0,0.0,0.0,0.0,0.0,0.0,0.0,0.0,0.0,0.0,0.0,0.0,,,,,,,,,,,,,,,,,,,
Estonia,,,,,,,,,,,,,,,,,,,,,,,,,,,,,,,,,,,,,0.0,0.0,0.0,,0.0,0.0,0.0,3.0,2.0,3.0,0.0,,,,,,,,,,,,,,,,,,,,,
Hong Kong,,,,,,,,,,,,,,,,,,,,,,110.0,115.0,120.0,120.0,20.0,120.0,120.0,120.0,120.0,120.0,120.0,120.0,120.0,120.0,120.0,120.0,120.0,120.0,0.0,0.0,0.0,0.0,0.0,0.0,0.0,,,,,,,,,,,,,,,,,,,,,,
West Germany,13506.0,15806.0,17434.0,17434.0,21336.0,0.0,27973.0,26270.0,29435.0,34100.0,33458.0,32563.0,31597.0,37340.0,36821.0,35315.0,36744.0,41159.0,45316.0,45040.0,,43705.0,53232.0,44.0,53232.0,42413.0,38984.0,41253.0,46040.0,43838.0,41610.0,35880.0,35729.0,39389.0,40497.0,37134.0,36248.0,41023.0,41073.0,38434.0,42169.0,39711.0,37625.0,40837.0,42051.0,,,,,,,,,,,,,,,,,,,,,,,
F.R. Yugoslavia,,,,,,,,,,,,,,,,,,,,,,,,,,,,,,,,,,,0.0,0.0,0.0,0.0,0.0,0.0,0.0,667.0,181.0,139.0,,,,,,,,,,,,,,,,,,,,,,,,
Armenia,,,,,,,,,,,,,,,,,,,,,,,,,,,,,,,,,,,,,0.0,0.0,0.0,0.0,0.0,0.0,0.0,0.0,,,,,,,,,,,,,,,,,,,,,,,,
Lithuania,,,,,,,,,,,,,,,,,,,,,,,,,,,,,,,,,,,,,,,0.0,0.0,0.0,0.0,0.0,0.0,,,,,,,,,,,,,,,,,,,,,,,,
Czechoslovakia,3455.0,3754.0,4366.0,4270.0,4474.0,4882.0,5166.0,5509.0,6136.0,6768.0,7043.0,7639.0,7600.0,8377.0,8599.0,9124.0,10002.0,10555.0,10802.0,11480.0,12069.0,12728.0,13158.0,13640.0,472.0,14693.0,15054.0,15294.0,14817.0,14925.0,15270.0,14992.0,15024.0,14831.0,0.0,0.0,15416.0,15380.0,0.0,0.0,0.0,0.0,,,,,,,,,,,,,,,,,,,,,,,,,,
Iceland,,,,,,,,,,,,,,,,,,,,,,,,,,,,,,,,,,,0.0,0.0,0.0,0.0,0.0,0.0,0.0,0.0,,,,,,,,,,,,,,,,,,,,,,,,,,
Yugoslavia,434.0,442.0,514.0,616.0,5.0,887.0,1049.0,1119.0,1299.0,1442.0,1532.0,1595.0,1588.0,1677.0,1769.0,1867.0,1832.0,1997.0,2220.0,2228.0,,2588.0,2676.0,2676.0,2836.0,2751.0,3182.0,3456.0,,3634.0,3977.0,3840.0,4134.0,4236.0,0.0,0.0,4412.0,4487.0,0.0,0.0,0.0,0.0,,,,,,,,,,,,,,,,,,,,,,,,,,
East Germany,1552.0,1886.0,2163.0,2330.0,2808.0,3110.0,3304.0,3459.0,3648.0,3750.0,3867.0,4048.0,4051.0,4264.0,4313.0,4485.0,4592.0,4695.0,4824.0,5053.0,5745.0,74.0,955.0,480.0,0.0,6740.0,6850.0,6976.0,7024.0,7308.0,7467.0,7168.0,7168.0,7219.0,0.0,0.0,8243.0,8133.0,0.0,0.0,0.0,,,,,,,,,,,,,,,,,,,,,,,,,,,
Honduras,,,,,,,,,,,,,,,,,,,,,,,,,,,,,,,,,,,0.0,0.0,0.0,0.0,8.0,0.0,0.0,,,,,,,,,,,,,,,,,,,,,,,,,,,
USSR,31350.0,34492.0,38128.0,41434.0,45271.0,48698.0,51176.0,54920.0,59972.0,65294.0,70756.0,76307.0,85038.0,85038.0,91021.0,96907.0,102224.0,106537.0,110330.0,115889.0,,125589.0,131481.0,136200.0,144895.0,144805.0,146695.0,151436.0,149087.0,147931.0,148517.0,147153.0,152511.0,,,,,,,,,,,,,,,,,,,,,,,,,,,,,,,,,,,
Panama,,,,,,,,,,,,,,,,,,,,,,,0.0,0.0,0.0,0.0,0.0,0.0,0.0,,,,,,,,,,,,,,,,,,,,,,,,,,,,,,,,,,,,,,,
Rhodesia,,,,,,,,,,,,,,,,,,,,,439.0,,,,,,,,,,,,,,,,,,,,,,,,,,,,,,,,,,,,,,,,,,,,,,,
Southern Rhodesia,9.0,28.0,0.0,33.0,52.0,58.0,67.0,60.0,29.0,0.0,0.0,29.0,29.0,128.0,130.0,130.0,140.0,136.0,140.0,,,,,,,,,,,,,,,,,,,,,,,,,,,,,,,,,,,,,,,,,,,,,,,,,
United Arab Republic,,,,,,0.0,0.0,0.0,0.0,0.0,0.0,,,,,,,,,,,,,,,,,,,,,,,,,,,,,,,,,,,,,,,,,,,,,,,,,,,,,,,,,
Saar,2603.0,2825.0,0.0,0.0,3165.0,1229.0,,,,,,,,,,,,,,,,,,,,,,,,,,,,,,,,,,,,,,,,,,,,,,,,,,,,,,,,,,,,,,
Union Of South Africa,7.0,1258.0,,,,,,,,,,,,,,,,,,,,,,,,,,,,,,,,,,,,,,,,,,,,,,,,,,,,,,,,,,,,,,,,,,
